Company,Title,Link,Location
Mastercard,"Intern, Data & Services BeLux",https://mastercard.wd1.myworkdayjobs.com/en-US/CorporateCareers/job/Waterloo-Belgium/Intern--Data---Services-BeLux_R-142614,R-142614
Mastercard,"Intern, Product & Engineering, Western Europe",https://mastercard.wd1.myworkdayjobs.com/en-US/CorporateCareers/job/Waterloo-Belgium/Intern--Product---Engineering--Western-Europe_R-142479,R-142479
Mastercard,"Intern, Mastercard Academy Europe",https://mastercard.wd1.myworkdayjobs.com/en-US/CorporateCareers/job/Waterloo-Belgium/Intern--Mastercard-Academy-Europe_R-142477,R-142477
Mastercard,"Intern, Legal Services",https://mastercard.wd1.myworkdayjobs.com/en-US/CorporateCareers/job/Waterloo-Belgium/Intern--Legal-Services_R-142478,R-142478
Mastercard,"Intern, Product Management & Development, Europe",https://mastercard.wd1.myworkdayjobs.com/en-US/CorporateCareers/job/Waterloo-Belgium/Intern--Product-Management---Development--Europe_R-142480,R-142480
Mastercard,"Senior Analyst, Internal Controls",https://mastercard.wd1.myworkdayjobs.com/en-US/CorporateCareers/job/Pune-India/Senior-Analyst--Internal-Controls_R-144883-1,R-144883
Mastercard,"Senior Analyst, Internal Controls Automation and Analytics-2",https://mastercard.wd1.myworkdayjobs.com/en-US/CorporateCareers/job/Pune-India/Senior-Analyst--Internal-Controls-Automation-and-Analytics-2_R-144489,R-144489
Mastercard,"Manager, Internal Controls",https://mastercard.wd1.myworkdayjobs.com/en-US/CorporateCareers/job/Pune-India/Manager--Internal-Controls_R-144168,R-144168
Mastercard,Information Security Intern,https://mastercard.wd1.myworkdayjobs.com/en-US/CorporateCareers/job/Kansas-City-Missouri/Intern_R-135851-1,R-135851
Mastercard,Content Strategy & Development - Technical Writing Intern,https://mastercard.wd1.myworkdayjobs.com/en-US/CorporateCareers/job/OFallon-Missouri/Content-Strategy---Development---Technical-Writing-Intern_R-135798-1,R-135798
Mastercard,North America Markets Summer Intern (2022),https://mastercard.wd1.myworkdayjobs.com/en-US/CorporateCareers/job/Toronto-Canada/North-America-Markets-Summer-Intern--2022-_R-135781-1,R-135781
Mastercard,2022 Summer Internship - Mastercard Advisors,https://mastercard.wd1.myworkdayjobs.com/en-US/CorporateCareers/job/Taipei-Taiwan/XMLNAME-2022-Summer-Internship---Mastercard-Advisors_R-135439,R-135439
Mastercard,"2021/2022 Summer Internship, Operations & Technology, Gateway Processing",https://mastercard.wd1.myworkdayjobs.com/en-US/CorporateCareers/job/St-Leonards-Australia/XMLNAME-2021-2022-Summer-Internship--Operations---Technology--Gateway-Processing_R-135983-1,R-135983
Mastercard,"Manager, Risk Management - Internal Controls",https://mastercard.wd1.myworkdayjobs.com/en-US/CorporateCareers/job/Purchase-New-York/Manager--Risk-Management---Internal-Controls_R-144171-1,R-144171
Mastercard,"Senior Specialist, Internal Communications",https://mastercard.wd1.myworkdayjobs.com/en-US/CorporateCareers/job/Pune-India/Senior-Specialist--Internal-Communications_R-142206,R-142206
Mastercard,Associate Consultant Internship - Lisbon,https://mastercard.wd1.myworkdayjobs.com/en-US/CorporateCareers/job/Lisbon-Portugal/Intern_R-135477-2,R-135477
Mastercard,Associate Consultant Internship - Budapest,https://mastercard.wd1.myworkdayjobs.com/en-US/CorporateCareers/job/Budapest-Hungary/Intern_R-135458-2,R-135458
Mastercard,"Associate Consulting Internship - Istanbul, Turkey",https://mastercard.wd1.myworkdayjobs.com/en-US/CorporateCareers/job/Istanbul-Turkey/Intern_R-135501-2,R-135501
Mastercard,"Mastercard Summer Internship, Associate Consultant - Russia",https://mastercard.wd1.myworkdayjobs.com/en-US/CorporateCareers/job/Moscow-Russia/Intern_R-135497-2,R-135497
Mastercard,2022 Summer Internship - Mastercard Advisors,https://mastercard.wd1.myworkdayjobs.com/en-US/CorporateCareers/job/Kuala-Lumpur-Malaysia/XMLNAME-2022-Summer-Internship---Mastercard-Advisors_R-135454-1,R-135454
Mastercard,Social Media Intern - Global Customer Care,https://mastercard.wd1.myworkdayjobs.com/en-US/CorporateCareers/job/OFallon-Missouri/Social-Media-Intern---Global-Customer-Care_R-135797,R-135797
Mastercard,ONE - ITSM Process Analyst Intern,https://mastercard.wd1.myworkdayjobs.com/en-US/CorporateCareers/job/OFallon-Missouri/ONE---ITSM-Process-Analyst-Intern_R-135845,R-135845
Mastercard,Mastercard Summer Intern Program - Data & Services (Consulting),https://mastercard.wd1.myworkdayjobs.com/en-US/CorporateCareers/job/Johannesburg-South-Africa/Mastercard-Summer-Intern-Program---Data---Services--Consulting-_R-135560-1,R-135560
Mastercard,AI & Security Solutions Intern (Summer 2022),https://mastercard.wd1.myworkdayjobs.com/en-US/CorporateCareers/job/Purchase-New-York/AI---Security-Solutions-Intern--Summer-2022-_R-135377-1,R-135377
Zillow Group,Software Development Engineer - Intern,https://zillow.wd5.myworkdayjobs.com/en-US/Zillow_Group_External/job/Remote-USA/Software-Development-Engineer---Intern_P732364,P732364
Zillow Group,"Product Manager, AI/Machine Learning - Graduate/MBA Intern",https://zillow.wd5.myworkdayjobs.com/en-US/Zillow_Group_External/job/Remote-USA/Product-Manager--AI-Machine-Learning---Graduate-MBA-Intern_P736464,P736464
Zillow Group,Product Manager - MBA Intern,https://zillow.wd5.myworkdayjobs.com/en-US/Zillow_Group_External/job/Remote-USA/Product-Manager---MBA-Intern_P736459,P736459
Zillow Group,Marketing Strategy Manager - Graduate/MBA Intern,https://zillow.wd5.myworkdayjobs.com/en-US/Zillow_Group_External/job/Remote-USA/Marketing-Strategy-Manager---Graduate-MBA-Intern_P736462,P736462
Zillow Group,Strategy & Operations - MBA Intern,https://zillow.wd5.myworkdayjobs.com/en-US/Zillow_Group_External/job/Remote-USA/Strategy---Operations---MBA-Intern_P736461,P736461
Zillow Group,"Internal Audit Senior, IT & Business",https://zillow.wd5.myworkdayjobs.com/en-US/Zillow_Group_External/job/Remote-USA/Internal-Audit-Senior--IT---Business_P734634-1,P734634
Snap,Sales Operations Intern,https://wd1.myworkdaysite.com/en-US/recruiting/snapchat/snap/job/Los-Angeles-California/Sales-Operations-Intern_R0022924-1,R0022924
Snap,"Business Operations, MBA Intern",https://wd1.myworkdaysite.com/en-US/recruiting/snapchat/snap/job/Los-Angeles-California/Business-Operations--MBA-Intern_R0022923-2,R0022923
Snap,Business Partner Finance MBA Intern,https://wd1.myworkdaysite.com/en-US/recruiting/snapchat/snap/job/Los-Angeles-California/Business-Partner-Finance-MBA-Intern_R0022884-1,R0022884
Snap,"C++ Software Engineer Intern, Camera Platform",https://wd1.myworkdaysite.com/en-US/recruiting/snapchat/snap/job/Los-Angeles-California/C---Software-Engineer-Intern--Camera-Platform_R0022862-1,R0022862
Snap,"Machine Learning Engineer Intern, Camera Platform (UK)",https://wd1.myworkdaysite.com/en-US/recruiting/snapchat/snap/job/London-United-Kingdom/Machine-Learning-Engineer-Intern--Camera-Platform--UK-_R0022861-2,R0022861
Snap,"Machine Learning Engineer Intern, Camera Platform (US)",https://wd1.myworkdaysite.com/en-US/recruiting/snapchat/snap/job/Los-Angeles-California/Machine-Learning-Engineer-Intern--Camera-Platform--US-_R0022860-1,R0022860
Snap,Partnership Strategy & Operations - MBA Intern,https://wd1.myworkdaysite.com/en-US/recruiting/snapchat/snap/job/Los-Angeles-California/Partnership-Strategy---Operations---MBA-Intern_R0022798-1,R0022798
Snap,"Product Manager, Lens Studio - MBA Intern",https://wd1.myworkdaysite.com/en-US/recruiting/snapchat/snap/job/Los-Angeles-California/Product-Manager--Lens-Studio---MBA-Intern_R0022797-1,R0022797
Snap,"Product Manager, Product -  MBA Intern",https://wd1.myworkdaysite.com/en-US/recruiting/snapchat/snap/job/Los-Angeles-California/Product-Manager--Product----MBA-Intern_R0022796-1,R0022796
Snap,Revenue Strategy - MBA Intern,https://wd1.myworkdaysite.com/en-US/recruiting/snapchat/snap/job/New-York-New-York/Revenue-Strategy---MBA-Intern_R0022795-1,R0022795
Snap,"Software Engineer Intern, London",https://wd1.myworkdaysite.com/en-US/recruiting/snapchat/snap/job/London-United-Kingdom/Software-Engineer-Intern--London_R0022788-1,R0022788
Snap,"Director of Growth Operations, International Markets",https://wd1.myworkdaysite.com/en-US/recruiting/snapchat/snap/job/Los-Angeles-California/Director-of-Growth-Operations--International-Markets_R0022763,R0022763
